{
    "_allocate_inputs": 4,
    "_allocate_outputs": 4,
    "cli_parameters": "generate --target stm32l4 --name maintenance -m C:/Users/User/Downloads/maintenance/Model_Premier.tflite --compression none --verbosity 1 --workspace C:/Users/User/AppData/Local/Temp/mxAI_workspace582314469810010649470574508256412 --output C:/Users/User/.stm32cubemx/maintenance_output",
    "cli_version": {
        "extra": "20049",
        "major": 2,
        "micro": 0,
        "minor": 0
    },
    "cli_version_str": "2.0.0-20049",
    "code_size": 0,
    "compression": [],
    "date_time": "2025-03-21T10:06:05+0100",
    "error": 0,
    "error_str": [],
    "exec_cmd": "generate",
    "exec_duration": 0.0,
    "hash": "0x7b75c25f56e6c75c1376a8d099efb9c1",
    "inputs": [
        "serving_default_input_layer0"
    ],
    "layers": [
        {
            "c_id": [
                0,
                1
            ],
            "extras": {
                "n_macc": 0,
                "n_params": 0,
                "psize": 0,
                "rom_output": {
                    "c_size": 20,
                    "fmt": {
                        "format": "float"
                    },
                    "shape": [
                        5
                    ]
                },
                "rom_size": 1536
            },
            "id": 0,
            "inputs": [],
            "name": "serving_default_input_layer0",
            "original": "",
            "type": "Input"
        },
        {
            "c_id": [],
            "extras": {
                "n_macc": 0,
                "n_params": 320,
                "psize": 1280,
                "rom_size": 0
            },
            "id": 0,
            "inputs": [],
            "name": "my_mlp_model_1_dense_1_MatMul",
            "original": "",
            "type": "Placeholder"
        },
        {
            "c_id": [],
            "extras": {
                "n_macc": 0,
                "n_params": 64,
                "psize": 256,
                "rom_size": 0
            },
            "id": 0,
            "inputs": [],
            "name": "my_mlp_model_1_dense_1_BiasAdd_ReadVariableOp",
            "original": "",
            "type": "Placeholder"
        },
        {
            "c_id": [],
            "extras": {
                "n_macc": 384,
                "n_params": 0,
                "psize": 0,
                "rom_output": {
                    "c_size": 256,
                    "fmt": {
                        "format": "float"
                    },
                    "shape": [
                        64
                    ]
                },
                "rom_size": 0
            },
            "id": 0,
            "inputs": [
                "serving_default_input_layer0",
                "my_mlp_model_1_dense_1_MatMul",
                "my_mlp_model_1_dense_1_BiasAdd_ReadVariableOp"
            ],
            "name": "gemm_0",
            "original": "FULLY_CONNECTED",
            "type": "Gemm"
        },
        {
            "c_id": [],
            "extras": {
                "n_macc": 64,
                "n_params": 0,
                "psize": 0,
                "rom_output": {
                    "c_size": 256,
                    "fmt": {
                        "format": "float"
                    },
                    "shape": [
                        64
                    ]
                },
                "rom_size": 0
            },
            "id": 0,
            "inputs": [
                "gemm_0"
            ],
            "name": "nl_0_nl",
            "original": "FULLY_CONNECTED",
            "type": "Nonlinearity"
        },
        {
            "c_id": [
                2
            ],
            "extras": {
                "n_macc": 0,
                "n_params": 2048,
                "psize": 8192,
                "rom_size": 8320
            },
            "id": 1,
            "inputs": [],
            "name": "arith_constant1",
            "original": "",
            "type": "Placeholder"
        },
        {
            "c_id": [],
            "extras": {
                "n_macc": 0,
                "n_params": 32,
                "psize": 128,
                "rom_size": 0
            },
            "id": 1,
            "inputs": [],
            "name": "my_mlp_model_1_dense_1_2_BiasAdd_ReadVariableOp",
            "original": "",
            "type": "Placeholder"
        },
        {
            "c_id": [],
            "extras": {
                "n_macc": 2080,
                "n_params": 0,
                "psize": 0,
                "rom_output": {
                    "c_size": 128,
                    "fmt": {
                        "format": "float"
                    },
                    "shape": [
                        32
                    ]
                },
                "rom_size": 0
            },
            "id": 1,
            "inputs": [
                "nl_0_nl",
                "arith_constant1",
                "my_mlp_model_1_dense_1_2_BiasAdd_ReadVariableOp"
            ],
            "name": "gemm_1",
            "original": "FULLY_CONNECTED",
            "type": "Gemm"
        },
        {
            "c_id": [
                3
            ],
            "extras": {
                "n_macc": 320,
                "n_params": 0,
                "psize": 0,
                "rom_output": {
                    "c_size": 128,
                    "fmt": {
                        "format": "float"
                    },
                    "shape": [
                        32
                    ]
                },
                "rom_size": 0
            },
            "id": 2,
            "inputs": [
                "gemm_1"
            ],
            "name": "nl_2",
            "original": "TANH",
            "type": "Nonlinearity"
        },
        {
            "c_id": [
                4
            ],
            "extras": {
                "n_macc": 0,
                "n_params": 192,
                "psize": 768,
                "rom_size": 792
            },
            "id": 3,
            "inputs": [],
            "name": "arith_constant",
            "original": "",
            "type": "Placeholder"
        },
        {
            "c_id": [],
            "extras": {
                "n_macc": 0,
                "n_params": 6,
                "psize": 24,
                "rom_size": 0
            },
            "id": 3,
            "inputs": [],
            "name": "arith_constant2",
            "original": "",
            "type": "Placeholder"
        },
        {
            "c_id": [],
            "extras": {
                "n_macc": 198,
                "n_params": 0,
                "psize": 0,
                "rom_output": {
                    "c_size": 24,
                    "fmt": {
                        "format": "float"
                    },
                    "shape": [
                        6
                    ]
                },
                "rom_size": 0
            },
            "id": 3,
            "inputs": [
                "nl_2",
                "arith_constant",
                "arith_constant2"
            ],
            "name": "gemm_3",
            "original": "FULLY_CONNECTED",
            "type": "Gemm"
        },
        {
            "c_id": [
                5
            ],
            "extras": {
                "n_macc": 90,
                "n_params": 0,
                "psize": 0,
                "rom_output": {
                    "c_size": 24,
                    "fmt": {
                        "format": "float"
                    },
                    "shape": [
                        6
                    ]
                },
                "rom_size": 0
            },
            "id": 4,
            "inputs": [
                "gemm_3"
            ],
            "name": "nl_4",
            "original": "SOFTMAX",
            "type": "Nonlinearity"
        }
    ],
    "model_files": [
        "C:\\Users\\User\\Downloads\\maintenance\\Model_Premier.tflite"
    ],
    "model_n_params": 2662,
    "model_name": "Model_Premier",
    "model_size": 10648,
    "model_type": "tflite",
    "name": "maintenance",
    "outputs": [
        "nl_4"
    ],
    "ram_io_size": [
        0,
        0
    ],
    "ram_size": 384,
    "report_version": 1.1,
    "rom_cfact": 1.0,
    "rom_heap_inspector": 2048,
    "rom_inputs": [
        {
            "c_size": 20,
            "c_type": "float",
            "name": "serving_default_input_layer0"
        }
    ],
    "rom_n_macc": 3136,
    "rom_outputs": [
        {
            "c_size": 24,
            "c_type": "float",
            "name": "nl_4"
        }
    ],
    "rom_size": 10648,
    "strategy": "",
    "tools_api_version": "2.0.0-20049",
    "tools_version": "2.0.0-20049",
    "val_error": -1.0,
    "val_error_desc": "None (None) #-1",
    "val_metrics": []
}