{
    "activations": {
        "heap_overlay_pool": {
            "activation_alignment": 4,
            "buffer_data_size": 0,
            "buffer_offsets": [
                {
                    "buffer_name": "serving_default_input_layer0_output_array",
                    "offset": 108,
                    "size": 20
                },
                {
                    "buffer_name": "gemm_0_output_array",
                    "offset": 128,
                    "size": 256
                },
                {
                    "buffer_name": "nl_0_nl_output_array",
                    "offset": 128,
                    "size": 256
                },
                {
                    "buffer_name": "gemm_1_output_array",
                    "offset": 0,
                    "size": 128
                },
                {
                    "buffer_name": "nl_2_output_array",
                    "offset": 128,
                    "size": 128
                },
                {
                    "buffer_name": "gemm_3_output_array",
                    "offset": 0,
                    "size": 24
                },
                {
                    "buffer_name": "nl_4_output_array",
                    "offset": 24,
                    "size": 24
                }
            ],
            "data_alignment": 4,
            "pool_id": 0,
            "pool_size": -1,
            "used_size": 384
        }
    },
    "activations_alignment": 4,
    "arguments": "generate --target stm32l4 --name maintenance -m C:/Users/User/Downloads/maintenance/Model_Premier.tflite --compression none --verbosity 1 --workspace C:/Users/User/AppData/Local/Temp/mxAI_workspace582314469810010649470574508256412 --output C:/Users/User/.stm32cubemx/maintenance_output",
    "c_activations_count": 1,
    "c_arrays": [
        {
            "c_bits": 32,
            "c_id": 0,
            "c_mem_pool": "weights",
            "c_size_in_byte": 256,
            "c_type": "const float",
            "format": "float",
            "is_const": true,
            "mem_pool": "weights",
            "n_items": 64,
            "name": "gemm_0_bias_array",
            "offset": 1280,
            "scale": [],
            "size": 64,
            "tensors": [
                {
                    "name": "gemm_0_bias",
                    "shape": [
                        64
                    ]
                }
            ],
            "zeropoint": [],
            "zeros": 0
        },
        {
            "c_bits": 32,
            "c_id": 1,
            "c_mem_pool": "**default**",
            "c_size_in_byte": 256,
            "c_type": "float",
            "format": "float",
            "is_const": false,
            "mem_pool": "activations",
            "n_items": 64,
            "name": "gemm_0_output_array",
            "offset": 128,
            "scale": [],
            "size": 64,
            "tensors": [
                {
                    "name": "gemm_0_output",
                    "shape": [
                        64
                    ]
                }
            ],
            "zeropoint": []
        },
        {
            "c_bits": 32,
            "c_id": 2,
            "c_mem_pool": "weights",
            "c_size_in_byte": 1280,
            "c_type": "const float",
            "format": "float",
            "is_const": true,
            "mem_pool": "weights",
            "n_items": 320,
            "name": "gemm_0_weights_array",
            "offset": 0,
            "scale": [],
            "size": 320,
            "tensors": [
                {
                    "name": "gemm_0_weights",
                    "shape": [
                        64,
                        5
                    ]
                }
            ],
            "zeropoint": [],
            "zeros": 0
        },
        {
            "c_bits": 32,
            "c_id": 3,
            "c_mem_pool": "weights",
            "c_size_in_byte": 128,
            "c_type": "const float",
            "format": "float",
            "is_const": true,
            "mem_pool": "weights",
            "n_items": 32,
            "name": "gemm_1_bias_array",
            "offset": 9728,
            "scale": [],
            "size": 32,
            "tensors": [
                {
                    "name": "gemm_1_bias",
                    "shape": [
                        32
                    ]
                }
            ],
            "zeropoint": [],
            "zeros": 0
        },
        {
            "c_bits": 32,
            "c_id": 4,
            "c_mem_pool": "**default**",
            "c_size_in_byte": 128,
            "c_type": "float",
            "format": "float",
            "is_const": false,
            "mem_pool": "activations",
            "n_items": 32,
            "name": "gemm_1_output_array",
            "offset": 0,
            "scale": [],
            "size": 32,
            "tensors": [
                {
                    "name": "gemm_1_output",
                    "shape": [
                        32
                    ]
                }
            ],
            "zeropoint": []
        },
        {
            "c_bits": 32,
            "c_id": 5,
            "c_mem_pool": "weights",
            "c_size_in_byte": 8192,
            "c_type": "const float",
            "format": "float",
            "is_const": true,
            "mem_pool": "weights",
            "n_items": 2048,
            "name": "gemm_1_weights_array",
            "offset": 1536,
            "scale": [],
            "size": 2048,
            "tensors": [
                {
                    "name": "gemm_1_weights",
                    "shape": [
                        32,
                        64
                    ]
                }
            ],
            "zeropoint": [],
            "zeros": 0
        },
        {
            "c_bits": 32,
            "c_id": 6,
            "c_mem_pool": "weights",
            "c_size_in_byte": 24,
            "c_type": "const float",
            "format": "float",
            "is_const": true,
            "mem_pool": "weights",
            "n_items": 6,
            "name": "gemm_3_bias_array",
            "offset": 10624,
            "scale": [],
            "size": 6,
            "tensors": [
                {
                    "name": "gemm_3_bias",
                    "shape": [
                        6
                    ]
                }
            ],
            "zeropoint": [],
            "zeros": 0
        },
        {
            "c_bits": 32,
            "c_id": 7,
            "c_mem_pool": "**default**",
            "c_size_in_byte": 24,
            "c_type": "float",
            "format": "float",
            "is_const": false,
            "mem_pool": "activations",
            "n_items": 6,
            "name": "gemm_3_output_array",
            "offset": 0,
            "scale": [],
            "size": 6,
            "tensors": [
                {
                    "name": "gemm_3_output",
                    "shape": [
                        6
                    ]
                }
            ],
            "zeropoint": []
        },
        {
            "c_bits": 32,
            "c_id": 8,
            "c_mem_pool": "weights",
            "c_size_in_byte": 768,
            "c_type": "const float",
            "format": "float",
            "is_const": true,
            "mem_pool": "weights",
            "n_items": 192,
            "name": "gemm_3_weights_array",
            "offset": 9856,
            "scale": [],
            "size": 192,
            "tensors": [
                {
                    "name": "gemm_3_weights",
                    "shape": [
                        6,
                        32
                    ]
                }
            ],
            "zeropoint": [],
            "zeros": 0
        },
        {
            "c_bits": 32,
            "c_id": 9,
            "c_mem_pool": "**default**",
            "c_size_in_byte": 256,
            "c_type": "float",
            "format": "float",
            "is_const": false,
            "mem_pool": "activations",
            "n_items": 64,
            "name": "nl_0_nl_output_array",
            "offset": 128,
            "scale": [],
            "size": 64,
            "tensors": [
                {
                    "name": "nl_0_nl_output",
                    "shape": [
                        64
                    ]
                }
            ],
            "zeropoint": []
        },
        {
            "c_bits": 32,
            "c_id": 10,
            "c_mem_pool": "**default**",
            "c_size_in_byte": 128,
            "c_type": "float",
            "format": "float",
            "is_const": false,
            "mem_pool": "activations",
            "n_items": 32,
            "name": "nl_2_output_array",
            "offset": 128,
            "scale": [],
            "size": 32,
            "tensors": [
                {
                    "name": "nl_2_output",
                    "shape": [
                        32
                    ]
                }
            ],
            "zeropoint": []
        },
        {
            "c_bits": 32,
            "c_id": 11,
            "c_mem_pool": "**default**",
            "c_size_in_byte": 24,
            "c_type": "float",
            "format": "float",
            "io_type": "output",
            "is_const": false,
            "mem_pool": "activations",
            "n_items": 6,
            "name": "nl_4_output_array",
            "offset": 24,
            "scale": [],
            "size": 6,
            "tensors": [
                {
                    "name": "nl_4_output",
                    "shape": [
                        6
                    ]
                }
            ],
            "zeropoint": []
        },
        {
            "c_bits": 32,
            "c_id": 12,
            "c_mem_pool": "**default**",
            "c_size_in_byte": 20,
            "c_type": "float",
            "format": "float",
            "io_type": "input",
            "is_const": false,
            "mem_pool": "activations",
            "n_items": 5,
            "name": "serving_default_input_layer0_output_array",
            "offset": 108,
            "scale": [],
            "size": 5,
            "tensors": [
                {
                    "name": "serving_default_input_layer0_output",
                    "shape": [
                        5
                    ]
                }
            ],
            "zeropoint": []
        }
    ],
    "c_arrays_n": 13,
    "c_layers": [
        {
            "c_forward": [
                "forward_dense"
            ],
            "c_id": 0,
            "is_wrapped": "",
            "layer_type": "Dense",
            "m_id": 0,
            "macc": 384,
            "name": "gemm_0",
            "op_by_type": {
                "smul_f32_f32": 384
            },
            "rom": 1536,
            "tensors": {
                "inputs": [
                    "serving_default_input_layer0_output"
                ],
                "outputs": [
                    "gemm_0_output"
                ],
                "scratchs": [],
                "weights": [
                    "gemm_0_weights",
                    "gemm_0_bias"
                ]
            },
            "weight_sparsity": [
                0.0,
                384,
                0
            ]
        },
        {
            "c_forward": [
                "forward_relu"
            ],
            "c_id": 1,
            "is_wrapped": "",
            "layer_type": "Nonlinearity",
            "m_id": 0,
            "macc": 64,
            "name": "nl_0_nl",
            "op_by_type": {
                "op_f32_f32": 64
            },
            "rom": 0,
            "tensors": {
                "inputs": [
                    "gemm_0_output"
                ],
                "outputs": [
                    "nl_0_nl_output"
                ],
                "scratchs": [],
                "weights": []
            },
            "weight_sparsity": [
                0.0,
                1,
                0
            ]
        },
        {
            "c_forward": [
                "forward_dense"
            ],
            "c_id": 2,
            "is_wrapped": "",
            "layer_type": "Dense",
            "m_id": 1,
            "macc": 2080,
            "name": "gemm_1",
            "op_by_type": {
                "smul_f32_f32": 2080
            },
            "rom": 8320,
            "tensors": {
                "inputs": [
                    "nl_0_nl_output"
                ],
                "outputs": [
                    "gemm_1_output"
                ],
                "scratchs": [],
                "weights": [
                    "gemm_1_weights",
                    "gemm_1_bias"
                ]
            },
            "weight_sparsity": [
                0.0,
                2080,
                0
            ]
        },
        {
            "c_forward": [
                "forward_tanh"
            ],
            "c_id": 3,
            "is_wrapped": "",
            "layer_type": "Nonlinearity",
            "m_id": 2,
            "macc": 320,
            "name": "nl_2",
            "op_by_type": {
                "op_f32_f32": 320
            },
            "rom": 0,
            "tensors": {
                "inputs": [
                    "gemm_1_output"
                ],
                "outputs": [
                    "nl_2_output"
                ],
                "scratchs": [],
                "weights": []
            },
            "weight_sparsity": [
                0.0,
                1,
                0
            ]
        },
        {
            "c_forward": [
                "forward_dense"
            ],
            "c_id": 4,
            "is_wrapped": "",
            "layer_type": "Dense",
            "m_id": 3,
            "macc": 198,
            "name": "gemm_3",
            "op_by_type": {
                "smul_f32_f32": 198
            },
            "rom": 792,
            "tensors": {
                "inputs": [
                    "nl_2_output"
                ],
                "outputs": [
                    "gemm_3_output"
                ],
                "scratchs": [],
                "weights": [
                    "gemm_3_weights",
                    "gemm_3_bias"
                ]
            },
            "weight_sparsity": [
                0.0,
                198,
                0
            ]
        },
        {
            "c_forward": [
                "forward_sm"
            ],
            "c_id": 5,
            "is_wrapped": "",
            "layer_type": "Nonlinearity",
            "m_id": 4,
            "macc": 90,
            "name": "nl_4",
            "op_by_type": {
                "op_f32_f32": 90
            },
            "rom": 0,
            "tensors": {
                "inputs": [
                    "gemm_3_output"
                ],
                "outputs": [
                    "nl_4_output"
                ],
                "scratchs": [],
                "weights": []
            },
            "weight_sparsity": [
                0.0,
                1,
                0
            ]
        }
    ],
    "c_name": "maintenance",
    "c_nodes_n": 6,
    "c_weights_count": 1,
    "c_weights_header": 0,
    "compilation_options": {
        "compression": "none",
        "optimization": "balanced",
        "options": [
            "allocate-inputs",
            "allocate-outputs"
        ]
    },
    "data_alignment": 4,
    "date_time": "2025-03-21T10:06:05+0100",
    "inputs": [
        "serving_default_input_layer0_output"
    ],
    "macc": 3136,
    "memory_footprint": {
        "activations": 384,
        "io": [
            0,
            0
        ],
        "kernel_flash": 11094,
        "kernel_ram": 2000,
        "series": "stm32l4",
        "target": "stm32l4",
        "toolchain": "arm-none-eabi-gcc (GNU Tools for STM32 12.3.rel1.20240306-1730) 12.3.1 20230626",
        "toolchain_flash": 1468,
        "toolchain_ram": 12,
        "weights": 10648
    },
    "memory_pools": [],
    "model_fmt": "float",
    "model_name": "Model_Premier",
    "model_signature": "0x7b75c25f56e6c75c1376a8d099efb9c1",
    "outputs": [
        "nl_4_output"
    ],
    "st_ai_version": "2.0.0-20049",
    "tool_version": "2.0.0-20049",
    "type": "tflite",
    "version": "1.2",
    "weights": {
        "weights_array": {
            "buffer_data_size": 10648,
            "buffer_offsets": [
                {
                    "buffer_name": "gemm_0_weights_array",
                    "offset": 0,
                    "size": 1280
                },
                {
                    "buffer_name": "gemm_0_bias_array",
                    "offset": 1280,
                    "size": 256
                },
                {
                    "buffer_name": "gemm_1_weights_array",
                    "offset": 1536,
                    "size": 8192
                },
                {
                    "buffer_name": "gemm_1_bias_array",
                    "offset": 9728,
                    "size": 128
                },
                {
                    "buffer_name": "gemm_3_weights_array",
                    "offset": 9856,
                    "size": 768
                },
                {
                    "buffer_name": "gemm_3_bias_array",
                    "offset": 10624,
                    "size": 24
                }
            ],
            "pool_size": -1,
            "used_size": 10648
        }
    }
}