{
  "buffers": [
    {
      "alignment": 4,
      "batch": 0,
      "channel_first": true,
      "channel_last": true,
      "epochs": {
        "end": 1,
        "start": 0
      },
      "flags": "STAI_FLAG_WEIGHTS|STAI_FLAG_CONST|STAI_FLAG_PREALLOCATED",
      "format": "STAI_FORMAT_FLOAT",
      "id": 90,
      "intq": {},
      "is_param": true,
      "mpool_id": 1,
      "name": "gemm_0_bias_array",
      "nbits": 32,
      "offset_start": 1280,
      "qmn": {},
      "shape": [
        64
      ],
      "shape_map": [
        "CH"
      ],
      "size_bytes": 256
    },
    {
      "alignment": 4,
      "batch": 0,
      "channel_first": true,
      "channel_last": true,
      "epochs": {
        "end": 6,
        "start": 3
      },
      "flags": "STAI_FLAG_PREALLOCATED|STAI_FLAG_ACTIVATIONS",
      "format": "STAI_FORMAT_FLOAT",
      "id": 75,
      "intq": {},
      "is_param": false,
      "mpool_id": 0,
      "name": "gemm_0_output_array",
      "nbits": 32,
      "offset_start": 128,
      "qmn": {},
      "shape": [
        64
      ],
      "shape_map": [
        "CH"
      ],
      "size_bytes": 256
    },
    {
      "alignment": 4,
      "batch": 0,
      "channel_first": true,
      "channel_last": true,
      "epochs": {
        "end": 1,
        "start": 0
      },
      "flags": "STAI_FLAG_WEIGHTS|STAI_FLAG_CONST|STAI_FLAG_PREALLOCATED",
      "format": "STAI_FORMAT_FLOAT",
      "id": 87,
      "intq": {},
      "is_param": true,
      "mpool_id": 1,
      "name": "gemm_0_weights_array",
      "nbits": 32,
      "offset_start": 0,
      "qmn": {},
      "shape": [
        64,
        5
      ],
      "shape_map": [
        "CH",
        "CH_IN"
      ],
      "size_bytes": 1280
    },
    {
      "alignment": 4,
      "batch": 0,
      "channel_first": true,
      "channel_last": true,
      "epochs": {
        "end": 1,
        "start": 0
      },
      "flags": "STAI_FLAG_WEIGHTS|STAI_FLAG_CONST|STAI_FLAG_PREALLOCATED",
      "format": "STAI_FORMAT_FLOAT",
      "id": 96,
      "intq": {},
      "is_param": true,
      "mpool_id": 1,
      "name": "gemm_1_bias_array",
      "nbits": 32,
      "offset_start": 9728,
      "qmn": {},
      "shape": [
        32
      ],
      "shape_map": [
        "CH"
      ],
      "size_bytes": 128
    },
    {
      "alignment": 4,
      "batch": 0,
      "channel_first": true,
      "channel_last": true,
      "epochs": {
        "end": 10,
        "start": 7
      },
      "flags": "STAI_FLAG_PREALLOCATED|STAI_FLAG_ACTIVATIONS",
      "format": "STAI_FORMAT_FLOAT",
      "id": 79,
      "intq": {},
      "is_param": false,
      "mpool_id": 0,
      "name": "gemm_1_output_array",
      "nbits": 32,
      "offset_start": 0,
      "qmn": {},
      "shape": [
        32
      ],
      "shape_map": [
        "CH"
      ],
      "size_bytes": 128
    },
    {
      "alignment": 4,
      "batch": 0,
      "channel_first": true,
      "channel_last": true,
      "epochs": {
        "end": 1,
        "start": 0
      },
      "flags": "STAI_FLAG_WEIGHTS|STAI_FLAG_CONST|STAI_FLAG_PREALLOCATED",
      "format": "STAI_FORMAT_FLOAT",
      "id": 93,
      "intq": {},
      "is_param": true,
      "mpool_id": 1,
      "name": "gemm_1_weights_array",
      "nbits": 32,
      "offset_start": 1536,
      "qmn": {},
      "shape": [
        32,
        64
      ],
      "shape_map": [
        "CH",
        "CH_IN"
      ],
      "size_bytes": 8192
    },
    {
      "alignment": 4,
      "batch": 0,
      "channel_first": true,
      "channel_last": true,
      "epochs": {
        "end": 1,
        "start": 0
      },
      "flags": "STAI_FLAG_WEIGHTS|STAI_FLAG_CONST|STAI_FLAG_PREALLOCATED",
      "format": "STAI_FORMAT_FLOAT",
      "id": 102,
      "intq": {},
      "is_param": true,
      "mpool_id": 1,
      "name": "gemm_3_bias_array",
      "nbits": 32,
      "offset_start": 10624,
      "qmn": {},
      "shape": [
        6
      ],
      "shape_map": [
        "CH"
      ],
      "size_bytes": 24
    },
    {
      "alignment": 4,
      "batch": 0,
      "channel_first": true,
      "channel_last": true,
      "epochs": {
        "end": 14,
        "start": 11
      },
      "flags": "STAI_FLAG_PREALLOCATED|STAI_FLAG_ACTIVATIONS",
      "format": "STAI_FORMAT_FLOAT",
      "id": 83,
      "intq": {},
      "is_param": false,
      "mpool_id": 0,
      "name": "gemm_3_output_array",
      "nbits": 32,
      "offset_start": 0,
      "qmn": {},
      "shape": [
        6
      ],
      "shape_map": [
        "CH"
      ],
      "size_bytes": 24
    },
    {
      "alignment": 4,
      "batch": 0,
      "channel_first": true,
      "channel_last": true,
      "epochs": {
        "end": 1,
        "start": 0
      },
      "flags": "STAI_FLAG_WEIGHTS|STAI_FLAG_CONST|STAI_FLAG_PREALLOCATED",
      "format": "STAI_FORMAT_FLOAT",
      "id": 99,
      "intq": {},
      "is_param": true,
      "mpool_id": 1,
      "name": "gemm_3_weights_array",
      "nbits": 32,
      "offset_start": 9856,
      "qmn": {},
      "shape": [
        6,
        32
      ],
      "shape_map": [
        "CH",
        "CH_IN"
      ],
      "size_bytes": 768
    },
    {
      "alignment": 4,
      "batch": 0,
      "channel_first": true,
      "channel_last": true,
      "epochs": {
        "end": 8,
        "start": 5
      },
      "flags": "STAI_FLAG_PREALLOCATED|STAI_FLAG_ACTIVATIONS",
      "format": "STAI_FORMAT_FLOAT",
      "id": 77,
      "intq": {},
      "is_param": false,
      "mpool_id": 0,
      "name": "nl_0_nl_output_array",
      "nbits": 32,
      "offset_start": 128,
      "qmn": {},
      "shape": [
        64
      ],
      "shape_map": [
        "CH"
      ],
      "size_bytes": 256
    },
    {
      "alignment": 4,
      "batch": 0,
      "channel_first": true,
      "channel_last": true,
      "epochs": {
        "end": 12,
        "start": 9
      },
      "flags": "STAI_FLAG_PREALLOCATED|STAI_FLAG_ACTIVATIONS",
      "format": "STAI_FORMAT_FLOAT",
      "id": 81,
      "intq": {},
      "is_param": false,
      "mpool_id": 0,
      "name": "nl_2_output_array",
      "nbits": 32,
      "offset_start": 128,
      "qmn": {},
      "shape": [
        32
      ],
      "shape_map": [
        "CH"
      ],
      "size_bytes": 128
    },
    {
      "alignment": 4,
      "batch": 0,
      "channel_first": true,
      "channel_last": true,
      "epochs": {
        "end": 15,
        "start": 13
      },
      "flags": "STAI_FLAG_OUTPUTS|STAI_FLAG_PREALLOCATED|STAI_FLAG_ACTIVATIONS",
      "format": "STAI_FORMAT_FLOAT",
      "id": 85,
      "intq": {},
      "is_param": false,
      "mpool_id": 0,
      "name": "nl_4_output_array",
      "nbits": 32,
      "offset_start": 24,
      "qmn": {},
      "shape": [
        6
      ],
      "shape_map": [
        "CH"
      ],
      "size_bytes": 24
    },
    {
      "alignment": 4,
      "batch": 0,
      "channel_first": true,
      "channel_last": true,
      "epochs": {
        "end": 4,
        "start": 2
      },
      "flags": "STAI_FLAG_INPUTS|STAI_FLAG_PREALLOCATED|STAI_FLAG_ACTIVATIONS",
      "format": "STAI_FORMAT_FLOAT",
      "id": 73,
      "intq": {},
      "is_param": false,
      "mpool_id": 0,
      "name": "serving_default_input_layer0_output_array",
      "nbits": 32,
      "offset_start": 108,
      "qmn": {},
      "shape": [
        5
      ],
      "shape_map": [
        "CH"
      ],
      "size_bytes": 20
    }
  ],
  "environment": {
    "generated_model": {
      "generated_time": "2025-03-21T10:06:05+0100",
      "model_files": [
        {
          "name": "maintenance_data_params.h",
          "signature": "0x9b863cdb1f120e329e12eed1facd2e1c"
        },
        {
          "name": "maintenance_data_params.c",
          "signature": "0x7062c7c02af77872acef18f38bbce360"
        },
        {
          "name": "maintenance_data.h",
          "signature": "0x85f3ddd2d25673e0e0285a5fece27797"
        },
        {
          "name": "maintenance_data.c",
          "signature": "0x05cb71f2c8c9d08904cab7ee3f90f7a0"
        },
        {
          "name": "maintenance_config.h",
          "signature": "0x2609c42458cc2bc1434131c3c6b7829f"
        },
        {
          "name": "maintenance.h",
          "signature": "0x6b6c44a8841980b7c5a5adb79142a6fd"
        },
        {
          "name": "maintenance.c",
          "signature": "0xf48bdc1a940d2ba1dd987934b7b80599"
        }
      ],
      "name": "maintenance"
    },
    "network_signature": "0x8b263b0b5ea0b05a",
    "test_name": "",
    "tools": [
      {
        "arguments": "generate --target stm32l4 --name maintenance -m C:/Users/User/Downloads/maintenance/Model_Premier.tflite --compression none --verbosity 1 --workspace C:/Users/User/AppData/Local/Temp/mxAI_workspace582314469810010649470574508256412 --output C:/Users/User/.stm32cubemx/maintenance_output",
        "environment": [
          "STATS_TYPE=X-CUBE-AI"
        ],
        "input_model": {
          "model_files": [
            {
              "name": "Model_Premier.tflite",
              "signature": "0x7b75c25f56e6c75c1376a8d099efb9c1"
            }
          ],
          "n_params": 2662,
          "name": "Model_Premier",
          "size": 10648,
          "type": "tflite"
        },
        "name": "ST.EdgeAI.Core",
        "version": "2.0.0-20049"
      }
    ]
  },
  "graphs": [
    {
      "edges": [
        {
          "buffer": 75,
          "edge_kind": "EDGE_MEMORY",
          "end": {
            "node_id": 8,
            "port": 0
          },
          "id": 0,
          "name": "n7-p0_n8-p0",
          "start": {
            "node_id": 7,
            "port": 0
          }
        },
        {
          "buffer": 77,
          "edge_kind": "EDGE_MEMORY",
          "end": {
            "node_id": 9,
            "port": 0
          },
          "id": 1,
          "name": "n8-p0_n9-p0",
          "start": {
            "node_id": 8,
            "port": 0
          }
        },
        {
          "buffer": 79,
          "edge_kind": "EDGE_MEMORY",
          "end": {
            "node_id": 10,
            "port": 0
          },
          "id": 2,
          "name": "n9-p0_n10-p0",
          "start": {
            "node_id": 9,
            "port": 0
          }
        },
        {
          "buffer": 81,
          "edge_kind": "EDGE_MEMORY",
          "end": {
            "node_id": 11,
            "port": 0
          },
          "id": 3,
          "name": "n10-p0_n11-p0",
          "start": {
            "node_id": 10,
            "port": 0
          }
        },
        {
          "buffer": 83,
          "edge_kind": "EDGE_MEMORY",
          "end": {
            "node_id": 12,
            "port": 0
          },
          "id": 4,
          "name": "n11-p0_n12-p0",
          "start": {
            "node_id": 11,
            "port": 0
          }
        }
      ],
      "id": 0,
      "inputs": [
        73
      ],
      "name": "Model_Premier",
      "nodes": [
        {
          "attributes": {
            "num_units": "64",
            "use_bias": "True"
          },
          "description": "Dense",
          "id": 7,
          "inputs": [
            73,
            87,
            90
          ],
          "macc": 384,
          "mapping": "NODE_SW",
          "name": "gemm_0",
          "original_nodes": [
            "0"
          ],
          "outputs": [
            75
          ],
          "scratchs": [],
          "subgraph_nodes": [],
          "sw_functions": [
            "forward_dense"
          ]
        },
        {
          "attributes": {
            "nonlinearity": "relu"
          },
          "description": "Nonlinearity",
          "id": 8,
          "inputs": [
            75
          ],
          "macc": 64,
          "mapping": "NODE_SW",
          "name": "nl_0_nl",
          "original_nodes": [
            "0"
          ],
          "outputs": [
            77
          ],
          "scratchs": [],
          "subgraph_nodes": [],
          "sw_functions": [
            "forward_relu"
          ]
        },
        {
          "attributes": {
            "num_units": "32",
            "use_bias": "True"
          },
          "description": "Dense",
          "id": 9,
          "inputs": [
            77,
            93,
            96
          ],
          "macc": 2080,
          "mapping": "NODE_SW",
          "name": "gemm_1",
          "original_nodes": [
            "1"
          ],
          "outputs": [
            79
          ],
          "scratchs": [],
          "subgraph_nodes": [],
          "sw_functions": [
            "forward_dense"
          ]
        },
        {
          "attributes": {
            "nonlinearity": "tanh"
          },
          "description": "Nonlinearity",
          "id": 10,
          "inputs": [
            79
          ],
          "macc": 320,
          "mapping": "NODE_SW",
          "name": "nl_2",
          "original_nodes": [
            "2"
          ],
          "outputs": [
            81
          ],
          "scratchs": [],
          "subgraph_nodes": [],
          "sw_functions": [
            "forward_tanh"
          ]
        },
        {
          "attributes": {
            "num_units": "6",
            "use_bias": "True"
          },
          "description": "Dense",
          "id": 11,
          "inputs": [
            81,
            99,
            102
          ],
          "macc": 198,
          "mapping": "NODE_SW",
          "name": "gemm_3",
          "original_nodes": [
            "3"
          ],
          "outputs": [
            83
          ],
          "scratchs": [],
          "subgraph_nodes": [],
          "sw_functions": [
            "forward_dense"
          ]
        },
        {
          "attributes": {
            "axis": "CH",
            "nonlinearity": "softmax",
            "orig_axis": "-1"
          },
          "description": "Nonlinearity",
          "id": 12,
          "inputs": [
            83
          ],
          "macc": 90,
          "mapping": "NODE_SW",
          "name": "nl_4",
          "original_nodes": [
            "4"
          ],
          "outputs": [
            85
          ],
          "scratchs": [],
          "subgraph_nodes": [],
          "sw_functions": [
            "forward_sm"
          ]
        }
      ],
      "original_inputs": [
        {
          "serving_default_input_layer0": {
            "data_type": "float32",
            "shape": "(BATCH: 1, CH: 5)"
          }
        }
      ],
      "original_outputs": [
        {
          "nl_4": {
            "data_type": "float32",
            "shape": "(BATCH: 1, CH: 6)"
          }
        }
      ],
      "outputs": [
        85
      ]
    }
  ],
  "json_schema_version": "2.0",
  "memory_footprint": {
    "activations": 384,
    "io": [
      0,
      0
    ],
    "kernel_flash": 11094,
    "kernel_ram": 2000,
    "series": "stm32l4",
    "toolchain": "arm-none-eabi-gcc (GNU Tools for STM32 12.3.rel1.20240306-1730) 12.3.1 20230626",
    "toolchain_flash": 1468,
    "toolchain_ram": 12,
    "weights": 10648
  },
  "memory_pools": [
    {
      "address": "NULL",
      "alignment": 4,
      "attributes": {
        "latency": "HIGH",
        "score": 768,
        "throughput": "LOW"
      },
      "buffers": [
        73,
        75,
        77,
        79,
        81,
        83,
        85
      ],
      "id": 0,
      "name": "heap_overlay_pool",
      "offset_start": 0,
      "persistent": false,
      "rights": "ACC_WRITE",
      "size_bytes": -1,
      "subpools": [],
      "used_size_bytes": 384,
      "user_allocated": false,
      "virtual": false
    },
    {
      "address": "s_maintenance_weights_array_u64",
      "alignment": 0,
      "attributes": {
        "latency": "UNDEF",
        "score": 0,
        "throughput": "UNDEF"
      },
      "buffers": [
        87,
        90,
        93,
        96,
        99,
        102
      ],
      "id": 1,
      "name": "weights_array",
      "offset_start": 0,
      "persistent": true,
      "rights": "ACC_READ",
      "size_bytes": -1,
      "subpools": [],
      "used_size_bytes": 10648,
      "user_allocated": false,
      "virtual": false
    }
  ]
}