{
    "_allocate_inputs": 4,
    "_allocate_outputs": 4,
    "cli_parameters": "analyze --target stm32l4 --name mnist -m C:/Users/User/Downloads/CNN_C2_16_10/CNN_C2_16_10/MNIST_NN_C2_16_10.h5 --compression none --verbosity 1 --workspace C:/Users/User/AppData/Local/Temp/mxAI_workspace2707132639800565284839974288078 --output C:/Users/User/.stm32cubemx/mnist_output",
    "cli_version": {
        "extra": "20049",
        "major": 2,
        "micro": 0,
        "minor": 0
    },
    "cli_version_str": "2.0.0-20049",
    "code_size": 0,
    "compression": [],
    "date_time": "2025-03-21T09:19:16+0100",
    "error": 0,
    "error_str": [],
    "exec_cmd": "analyze",
    "exec_duration": 0.0,
    "hash": "0x328e604322122e471ab7a6766b10d5e5",
    "inputs": [
        "input_0"
    ],
    "layers": [
        {
            "c_id": [],
            "extras": {
                "n_macc": 0,
                "n_params": 0,
                "psize": 0,
                "rom_output": {
                    "c_size": 3136,
                    "fmt": {
                        "format": "float"
                    },
                    "shape": [
                        28,
                        1,
                        28
                    ]
                },
                "rom_size": 0
            },
            "id": 0,
            "inputs": [],
            "name": "input_0",
            "original": null,
            "type": "Input"
        },
        {
            "c_id": [],
            "extras": {
                "n_macc": 14114,
                "n_params": 20,
                "psize": 80,
                "rom_output": {
                    "c_size": 1568,
                    "fmt": {
                        "format": "float"
                    },
                    "shape": [
                        14,
                        2,
                        14
                    ]
                },
                "rom_size": 0
            },
            "id": 0,
            "inputs": [
                "input_0"
            ],
            "name": "conv2d_conv2d",
            "original": "Conv2D",
            "type": "Conv2D"
        },
        {
            "c_id": [],
            "extras": {
                "n_macc": 1568,
                "n_params": 0,
                "psize": 0,
                "rom_size": 0
            },
            "id": 0,
            "inputs": [
                "conv2d_conv2d"
            ],
            "name": "conv2d",
            "original": "Conv2D",
            "type": "Nonlinearity"
        },
        {
            "c_id": [
                0
            ],
            "extras": {
                "n_macc": 1568,
                "n_params": 0,
                "psize": 0,
                "rom_size": 80
            },
            "id": 1,
            "inputs": [
                "conv2d"
            ],
            "name": "max_pooling2d",
            "original": "MaxPooling2D",
            "type": "Pool"
        },
        {
            "c_id": [],
            "extras": {
                "n_macc": 0,
                "n_params": 0,
                "psize": 0,
                "rom_size": 0
            },
            "id": 2,
            "inputs": [
                "max_pooling2d"
            ],
            "name": "flatten",
            "original": "Flatten",
            "type": "Reshape"
        },
        {
            "c_id": [
                1,
                2
            ],
            "extras": {
                "n_macc": 6288,
                "n_params": 6288,
                "psize": 25152,
                "rom_output": {
                    "c_size": 64,
                    "fmt": {
                        "format": "float"
                    },
                    "shape": [
                        16
                    ]
                },
                "rom_size": 25152
            },
            "id": 3,
            "inputs": [
                "flatten"
            ],
            "name": "dense_dense",
            "original": "Dense",
            "type": "Dense"
        },
        {
            "c_id": [],
            "extras": {
                "n_macc": 16,
                "n_params": 0,
                "psize": 0,
                "rom_output": {
                    "c_size": 64,
                    "fmt": {
                        "format": "float"
                    },
                    "shape": [
                        16
                    ]
                },
                "rom_size": 0
            },
            "id": 3,
            "inputs": [
                "dense_dense"
            ],
            "name": "dense",
            "original": "Dense",
            "type": "Nonlinearity"
        },
        {
            "c_id": [
                3,
                4
            ],
            "extras": {
                "n_macc": 170,
                "n_params": 170,
                "psize": 680,
                "rom_output": {
                    "c_size": 40,
                    "fmt": {
                        "format": "float"
                    },
                    "shape": [
                        10
                    ]
                },
                "rom_size": 680
            },
            "id": 4,
            "inputs": [
                "dense"
            ],
            "name": "dense_1_dense",
            "original": "Dense",
            "type": "Dense"
        },
        {
            "c_id": [],
            "extras": {
                "n_macc": 150,
                "n_params": 0,
                "psize": 0,
                "rom_output": {
                    "c_size": 40,
                    "fmt": {
                        "format": "float"
                    },
                    "shape": [
                        10
                    ]
                },
                "rom_size": 0
            },
            "id": 4,
            "inputs": [
                "dense_1_dense"
            ],
            "name": "dense_1",
            "original": "Dense",
            "type": "Nonlinearity"
        }
    ],
    "model_files": [
        "C:\\Users\\User\\Downloads\\CNN_C2_16_10\\CNN_C2_16_10\\MNIST_NN_C2_16_10.h5"
    ],
    "model_n_params": 6478,
    "model_name": "MNIST_NN_C2_16_10",
    "model_size": 25912,
    "model_type": "keras",
    "name": "mnist",
    "outputs": [
        "dense_1"
    ],
    "ram_io_size": [
        0,
        0
    ],
    "ram_size": 3868,
    "report_version": 1.1,
    "rom_cfact": 1.0,
    "rom_heap_inspector": 2048,
    "rom_inputs": [
        {
            "c_size": 3136,
            "c_type": "float",
            "name": "input_0"
        }
    ],
    "rom_n_macc": 23874,
    "rom_outputs": [
        {
            "c_size": 40,
            "c_type": "float",
            "name": "dense_1"
        }
    ],
    "rom_size": 25912,
    "strategy": "",
    "tools_api_version": "2.0.0-20049",
    "tools_version": "2.0.0-20049",
    "val_error": -1.0,
    "val_error_desc": "None (None) #-1",
    "val_metrics": []
}